from_to,Depot,S1,S2,S3,S4,S5,S6,S7,S8
Depot,0.0,30.0,45.0,60.0,46.91,86.18,45.26,94.94,113.34
S1,30.0,0.0,20.0,50.0,16.92,100.55,51.93,67.06,84.65
S2,45.0,20.0,0.0,40.0,15.61,97.35,71.75,49.94,68.41
S3,60.0,50.0,40.0,0.0,25.93,134.83,54.99,63.37,75.88
S4,46.91,16.92,15.61,25.93,0.0,110.96,62.55,51.88,68.72
S5,86.18,100.55,97.35,134.83,110.96,0.0,130.45,131.48,148.85
S6,45.26,51.93,71.75,54.99,62.55,130.45,0.0,113.49,128.66
S7,94.94,67.06,49.94,63.37,51.88,131.48,113.49,0.0,18.87
S8,113.34,84.65,68.41,75.88,68.72,148.85,128.66,18.87,0.0
